2,0,12,1,2,"."
2,1,1012,2,2,".."
2,2,20,10,11,"lost+found"
2,3,32,22,12,"EdbJ8KVVz7X4ACG3oeA6I2"
2,4,32,24,12,"DwyaDyI3aU7hfIBpjBqH8qvQ"
2,5,32,21,12,"aRAUEP5G7aW3wLEjr4Wt3"
2,6,36,27,12,"jFI3IenEO0QBSt2fqsYQo7hK2Cb"
2,7,32,21,12,"6XfKgu6EQubpkefp5bKsE"
2,8,36,27,12,"yNUIyQkP5A2xbq7qcbHb9IjpE23"
2,9,36,25,13,"wqMamqp9P1XvUXZgJCJkbvj0R"
2,10,36,28,14,"j30i7J9cTQVVSHTNqZzUZCxXvRjz"
2,11,32,21,16,"QKMjCJR7WL4WgpPMOt5hW"
2,12,32,23,17,"MRB8SfhpqzBZBY2qRVMnHgD"
2,13,36,27,18,"SqfIGrekAKuo1h3vMEKtAVFT0VP"
2,14,36,25,21,"oLJGZpDg8K6PTCWOi6RPPjWSL"
2,15,596,2,14337,"D1"
2,16,212,204,24,"jngxKOsI8wbefCPaBcfZosmGEfFrwwTPN7xi8iMW8vHW5ptDj8IuEOyqiUdvbYNQzZX8BZD4lwnoBrl2frj7XT9m9Kvq6VxJCGXb6kn19kkAXujfqm9myJOQnyHDrtOyNpS4vd2i0Crw4QBWlntg1F5XcvAeGZlNccsxiFah7GmljTKbOePSHN0OCsBkddbIfTepbaWrUAtI"
2,17,36,28,12,"ONqmZkTxV0JraRnI3wuZxWYqOFZr"
2,18,36,27,12,"vl2cZ3a6OlMryHVAXjmneD1pEDi"
2,19,40,32,25,"	:,pjZ%mnU>y3<l%FCF#h$S8VAm9<n"
2,20,28,20,15,"4IiEYJDb0xUjHSSOuCDO"
2,21,20,11,22,"sparse_file"
2,22,40,29,12,"hpZNeamTyWv2O9dqje7yEXiYCN2wV"
2,23,40,29,19,"nqcfq6Rvab1MXSOQV8qlLXn1vwevm"
2,24,24,15,23,"zero_block_file"
2,25,28,20,12,"8K63026tBhlYNLT3rMM6"
2,26,36,28,12,"cEDkTeOTB0BlmhS0EycMtujpuxz1"
2,27,484,15,30721,"large_directory"
11,0,12,1,11,"."
11,1,1012,2,2,".."
14337,0,12,1,14337,"."
14337,1,12,2,2,".."
14337,2,1000,2,14338,"D2"
14338,0,12,1,14337,"."
14338,1,12,2,14339,".."
14338,2,1000,2,14339,"D3"
14339,0,12,1,14339,"."
14339,1,1012,2,14338,".."
30721,0,12,1,30721,"."
30721,1,1012,2,2,".."
30721,3,16,7,31270,"file549"
30721,4,16,7,31295,"file574"
30721,5,16,7,31326,"file605"
30721,6,16,7,31332,"file611"
30721,7,16,7,31395,"file674"
30721,8,16,7,31433,"file712"
30721,9,16,7,31436,"file715"
30721,10,16,7,31438,"file717"
30721,11,16,7,31445,"file724"
30721,12,16,7,31514,"file793"
30721,13,16,7,31545,"file824"
30721,14,16,7,31547,"file826"
30721,15,16,7,31568,"file847"
30721,16,16,7,31599,"file878"
30721,17,16,7,31604,"file883"
30721,18,16,7,31625,"file904"
30721,19,16,7,31632,"file911"
30721,20,16,7,31654,"file933"
30721,21,16,7,31670,"file949"
30721,22,16,7,31683,"file962"
30721,23,16,7,31704,"file983"
30721,24,16,7,31718,"file997"
30721,25,16,8,31739,"file1018"
30721,26,16,8,31742,"file1021"
30721,27,16,8,31756,"file1035"
30721,28,16,8,31791,"file1070"
30721,29,16,8,31820,"file1099"
30721,30,16,8,31847,"file1126"
30721,31,16,8,31886,"file1165"
30721,32,16,8,31940,"file1219"
30721,33,16,8,31960,"file1239"
30721,34,16,8,32004,"file1283"
30721,35,16,8,32017,"file1296"
30721,36,16,8,32022,"file1301"
30721,37,16,8,32027,"file1306"
30721,38,16,8,32054,"file1333"
30721,39,16,8,32138,"file1417"
30721,40,16,8,32152,"file1431"
30721,41,16,8,32177,"file1456"
30721,42,16,8,32195,"file1474"
30721,43,16,8,32219,"file1498"
30721,45,16,7,31232,"file511"
30721,46,16,7,31238,"file517"
30721,47,16,7,31258,"file537"
30721,48,16,7,31286,"file565"
30721,49,16,7,31296,"file575"
30721,50,16,7,31333,"file612"
30721,51,16,7,31354,"file633"
30721,52,16,7,31370,"file649"
30721,53,16,7,31398,"file677"
30721,54,16,7,31434,"file713"
30721,55,16,7,31466,"file745"
30721,56,16,7,31512,"file791"
30721,57,16,7,31536,"file815"
30721,58,16,7,31537,"file816"
30721,59,16,7,31546,"file825"
30721,60,16,7,31554,"file833"
30721,61,16,7,31575,"file854"
30721,62,16,7,31641,"file920"
30721,63,16,7,31674,"file953"
30721,64,16,7,31682,"file961"
30721,65,16,7,31703,"file982"
30721,66,16,8,31730,"file1009"
30721,67,16,8,31748,"file1027"
30721,68,16,8,31755,"file1034"
30721,69,16,8,31765,"file1044"
30721,70,16,8,31770,"file1049"
30721,71,16,8,31782,"file1061"
30721,72,16,8,31794,"file1073"
30721,73,16,8,31803,"file1082"
30721,74,16,8,31818,"file1097"
30721,75,16,8,31904,"file1183"
30721,76,16,8,31929,"file1208"
30721,77,16,8,31952,"file1231"
30721,78,16,8,31981,"file1260"
30721,79,16,8,32010,"file1289"
30721,80,16,8,32021,"file1300"
30721,81,16,8,32028,"file1307"
30721,82,16,8,32045,"file1324"
30721,83,16,8,32080,"file1359"
30721,84,16,8,32120,"file1399"
30721,85,16,8,32151,"file1430"
30721,86,16,8,32155,"file1434"
30721,87,16,8,32193,"file1472"
30721,88,16,8,32194,"file1473"
30721,90,16,7,31257,"file536"
30721,91,16,7,31284,"file563"
30721,92,16,7,31403,"file682"
30721,93,16,7,31427,"file706"
30721,94,16,7,31450,"file729"
30721,95,16,7,31458,"file737"
30721,96,16,7,31475,"file754"
30721,97,16,7,31488,"file767"
30721,98,16,7,31520,"file799"
30721,99,16,7,31543,"file822"
30721,100,16,7,31548,"file827"
30721,101,16,7,31593,"file872"
30721,102,16,7,31597,"file876"
30721,103,16,7,31603,"file882"
30721,104,16,7,31610,"file889"
30721,105,16,7,31684,"file963"
30721,106,16,7,31694,"file973"
30721,107,16,8,31795,"file1074"
30721,108,16,8,31875,"file1154"
30721,109,16,8,31880,"file1159"
30721,110,16,8,31925,"file1204"
30721,111,16,8,31946,"file1225"
30721,112,16,8,31971,"file1250"
30721,113,16,8,32034,"file1313"
30721,114,16,8,32055,"file1334"
30721,115,16,8,32061,"file1340"
30721,116,16,8,32091,"file1370"
30721,117,16,8,32125,"file1404"
30721,118,16,8,32174,"file1453"
30721,119,16,8,32199,"file1478"
30721,120,336,8,32203,"file1482"
30721,122,16,7,31275,"file554"
30721,123,16,7,31331,"file610"
30721,124,16,7,31343,"file622"
30721,125,16,7,31394,"file673"
30721,126,16,7,31425,"file704"
30721,127,16,7,31429,"file708"
30721,128,16,7,31504,"file783"
30721,129,16,7,31576,"file855"
30721,130,16,7,31618,"file897"
30721,131,16,8,31759,"file1038"
30721,132,16,8,31763,"file1042"
30721,133,16,8,31766,"file1045"
30721,134,16,8,31790,"file1069"
30721,135,16,8,31831,"file1110"
30721,136,16,8,31857,"file1136"
30721,137,16,8,31870,"file1149"
30721,138,16,8,31883,"file1162"
30721,139,16,8,31899,"file1178"
30721,140,16,8,31909,"file1188"
30721,141,16,8,31913,"file1192"
30721,142,16,8,32032,"file1311"
30721,143,16,8,32058,"file1337"
30721,144,16,8,32063,"file1342"
30721,145,16,8,32103,"file1382"
30721,146,16,8,32149,"file1428"
30721,147,416,8,32178,"file1457"
30721,149,16,7,31234,"file513"
30721,150,16,7,31253,"file532"
30721,151,16,7,31287,"file566"
30721,152,16,7,31344,"file623"
30721,153,16,7,31385,"file664"
30721,154,16,7,31387,"file666"
30721,155,16,7,31389,"file668"
30721,156,16,7,31397,"file676"
30721,157,16,7,31442,"file721"
30721,158,16,7,31497,"file776"
30721,159,16,7,31574,"file853"
30721,160,16,7,31614,"file893"
30721,161,16,7,31642,"file921"
30721,162,16,7,31657,"file936"
30721,163,16,7,31663,"file942"
30721,164,16,7,31672,"file951"
30721,165,16,8,31768,"file1047"
30721,166,16,8,31802,"file1081"
30721,167,16,8,31806,"file1085"
30721,168,16,8,31821,"file1100"
30721,169,16,8,31829,"file1108"
30721,170,16,8,31834,"file1113"
30721,171,16,8,31837,"file1116"
30721,172,16,8,31863,"file1142"
30721,173,16,8,31876,"file1155"
30721,174,16,8,31898,"file1177"
30721,175,16,8,31944,"file1223"
30721,176,16,8,31973,"file1252"
30721,177,16,8,32007,"file1286"
30721,178,16,8,32026,"file1305"
30721,179,16,8,32046,"file1325"
30721,180,16,8,32047,"file1326"
30721,181,16,8,32052,"file1331"
30721,182,16,8,32132,"file1411"
30721,183,16,8,32162,"file1441"
30721,184,16,8,32202,"file1481"
30721,185,16,8,32204,"file1483"
30721,186,64,8,32211,"file1490"
30721,188,16,7,31274,"file553"
30721,189,16,7,31285,"file564"
30721,190,16,7,31320,"file599"
30721,191,16,7,31330,"file609"
30721,192,16,7,31345,"file624"
30721,193,16,7,31384,"file663"
30721,194,16,7,31416,"file695"
30721,195,16,7,31431,"file710"
30721,196,16,7,31443,"file722"
30721,197,16,7,31462,"file741"
30721,198,16,7,31510,"file789"
30721,199,16,7,31517,"file796"
30721,200,16,7,31569,"file848"
30721,201,16,7,31588,"file867"
30721,202,16,7,31681,"file960"
30721,203,16,7,31711,"file990"
30721,204,16,8,31725,"file1004"
30721,205,16,8,31817,"file1096"
30721,206,16,8,31830,"file1109"
30721,207,16,8,31839,"file1118"
30721,208,16,8,31889,"file1168"
30721,209,16,8,31950,"file1229"
30721,210,480,8,31972,"file1251"
30721,212,16,7,31233,"file512"
30721,213,16,7,31243,"file522"
30721,214,16,7,31277,"file556"
30721,215,16,7,31310,"file589"
30721,216,16,7,31365,"file644"
30721,217,16,7,31465,"file744"
30721,218,16,7,31483,"file762"
30721,219,16,7,31491,"file770"
30721,220,16,7,31503,"file782"
30721,221,16,7,31559,"file838"
30721,222,16,7,31562,"file841"
30721,223,16,7,31624,"file903"
30721,224,16,7,31629,"file908"
30721,225,16,7,31634,"file913"
30721,226,16,7,31653,"file932"
30721,227,16,7,31693,"file972"
30721,228,16,7,31714,"file993"
30721,229,16,8,31746,"file1025"
30721,230,16,8,31764,"file1043"
30721,231,16,8,31807,"file1086"
30721,232,16,8,31827,"file1106"
30721,233,16,8,31872,"file1151"
30721,234,16,8,31919,"file1198"
30721,235,16,8,31990,"file1269"
30721,236,16,8,32015,"file1294"
30721,237,16,8,32030,"file1309"
30721,238,16,8,32100,"file1379"
30721,239,16,8,32140,"file1419"
30721,240,16,8,32168,"file1447"
30721,241,16,8,32188,"file1467"
30721,242,256,8,32213,"file1492"
30721,244,16,7,31267,"file546"
30721,245,16,7,31322,"file601"
30721,246,16,7,31329,"file608"
30721,247,16,7,31359,"file638"
30721,248,16,7,31396,"file675"
30721,249,16,7,31487,"file766"
30721,250,16,7,31494,"file773"
30721,251,16,7,31534,"file813"
30721,252,16,7,31567,"file846"
30721,253,16,7,31621,"file900"
30721,254,16,7,31622,"file901"
30721,255,16,7,31697,"file976"
30721,256,16,7,31708,"file987"
30721,257,16,8,31749,"file1028"
30721,258,16,8,31760,"file1039"
30721,259,16,8,31833,"file1112"
30721,260,16,8,31868,"file1147"
30721,261,16,8,31916,"file1195"
30721,262,16,8,32003,"file1282"
30721,263,16,8,32014,"file1293"
30721,264,464,8,32068,"file1347"
30721,266,16,7,31278,"file557"
30721,267,16,7,31289,"file568"
30721,268,16,7,31353,"file632"
30721,269,16,7,31374,"file653"
30721,270,16,7,31469,"file748"
30721,271,16,7,31485,"file764"
30721,272,16,7,31555,"file834"
30721,273,16,7,31616,"file895"
30721,274,16,7,31656,"file935"
30721,275,16,7,31678,"file957"
30721,276,16,7,31717,"file996"
30721,277,16,8,31724,"file1003"
30721,278,16,8,31784,"file1063"
30721,279,16,8,31905,"file1184"
30721,280,16,8,31956,"file1235"
30721,281,16,8,31958,"file1237"
30721,282,16,8,31984,"file1263"
30721,283,16,8,32039,"file1318"
30721,284,16,8,32069,"file1348"
30721,285,16,8,32117,"file1396"
30721,286,16,8,32192,"file1471"
30721,287,480,8,32200,"file1479"
30721,289,16,7,31349,"file628"
30721,290,16,7,31373,"file652"
30721,291,16,7,31378,"file657"
30721,292,16,7,31381,"file660"
30721,293,16,7,31464,"file743"
30721,294,16,7,31551,"file830"
30721,295,16,7,31556,"file835"
30721,296,16,7,31561,"file840"
30721,297,16,7,31584,"file863"
30721,298,16,7,31602,"file881"
30721,299,16,7,31628,"file907"
30721,300,16,7,31638,"file917"
30721,301,16,7,31639,"file918"
30721,302,16,7,31675,"file954"
30721,303,16,7,31679,"file958"
30721,304,16,8,31891,"file1170"
30721,305,16,8,31906,"file1185"
30721,306,16,8,31967,"file1246"
30721,307,16,8,31994,"file1273"
30721,308,16,8,32035,"file1314"
30721,309,432,8,32089,"file1368"
30721,311,16,7,31237,"file516"
30721,312,16,7,31262,"file541"
30721,313,16,7,31276,"file555"
30721,314,16,7,31280,"file559"
30721,315,16,7,31282,"file561"
30721,316,16,7,31314,"file593"
30721,317,16,7,31342,"file621"
30721,318,16,7,31369,"file648"
30721,319,16,7,31392,"file671"
30721,320,16,7,31399,"file678"
30721,321,16,7,31422,"file701"
30721,322,16,7,31424,"file703"
30721,323,16,7,31508,"file787"
30721,324,16,7,31521,"file800"
30721,325,16,7,31528,"file807"
30721,326,16,7,31531,"file810"
30721,327,16,7,31542,"file821"
30721,328,16,7,31586,"file865"
30721,329,16,7,31620,"file899"
30721,330,16,7,31623,"file902"
30721,331,16,7,31652,"file931"
30721,332,16,7,31658,"file937"
30721,333,16,7,31706,"file985"
30721,334,16,8,31792,"file1071"
30721,335,16,8,31859,"file1138"
30721,336,16,8,31866,"file1145"
30721,337,16,8,31887,"file1166"
30721,338,16,8,31911,"file1190"
30721,339,16,8,31915,"file1194"
30721,340,16,8,31951,"file1230"
30721,341,16,8,31998,"file1277"
30721,342,16,8,32157,"file1436"
30721,343,16,8,32183,"file1462"
30721,344,256,8,32189,"file1468"
30721,346,160,7,31221,"file500"
30721,347,16,7,31252,"file531"
30721,348,16,7,31261,"file540"
30721,349,16,7,31300,"file579"
30721,350,16,7,31324,"file603"
30721,351,16,7,31375,"file654"
30721,352,16,7,31453,"file732"
30721,353,16,7,31470,"file749"
30721,354,16,7,31493,"file772"
30721,355,16,7,31541,"file820"
30721,356,16,7,31577,"file856"
30721,357,16,7,31580,"file859"
30721,358,16,7,31661,"file940"
30721,359,16,7,31665,"file944"
30721,360,16,8,31721,"file1000"
30721,361,16,8,31789,"file1068"
30721,362,16,8,31793,"file1072"
30721,363,16,8,31815,"file1094"
30721,364,16,8,31877,"file1156"
30721,365,16,8,31924,"file1203"
30721,366,16,8,31932,"file1211"
30721,367,16,8,31941,"file1220"
30721,368,16,8,31957,"file1236"
30721,369,16,8,31961,"file1240"
30721,370,16,8,31978,"file1257"
30721,371,16,8,32095,"file1374"
30721,372,16,8,32104,"file1383"
30721,373,16,8,32106,"file1385"
30721,374,16,8,32124,"file1403"
30721,375,16,8,32139,"file1418"
30721,376,16,8,32159,"file1438"
30721,377,16,8,32190,"file1469"
30721,378,320,8,32214,"file1493"
30721,379,32,7,31299,"file578"
30721,380,64,7,31231,"file510"
30721,381,144,7,31225,"file504"
30721,382,48,7,31260,"file539"
30721,383,16,7,31297,"file576"
30721,384,16,7,31351,"file630"
30721,385,16,7,31402,"file681"
30721,386,16,7,31408,"file687"
30721,387,16,7,31439,"file718"
30721,388,16,7,31447,"file726"
30721,389,16,7,31484,"file763"
30721,390,16,7,31533,"file812"
30721,391,16,7,31564,"file843"
30721,392,16,7,31590,"file869"
30721,393,16,7,31646,"file925"
30721,394,16,7,31695,"file974"
30721,395,16,7,31713,"file992"
30721,396,16,8,31805,"file1084"
30721,397,16,8,31879,"file1158"
30721,398,16,8,31933,"file1212"
30721,399,16,8,31936,"file1215"
30721,400,16,8,31942,"file1221"
30721,401,16,8,31954,"file1233"
30721,402,16,8,31982,"file1261"
30721,403,16,8,31983,"file1262"
30721,404,16,8,31991,"file1270"
30721,405,16,8,32042,"file1321"
30721,406,16,8,32087,"file1366"
30721,407,16,8,32107,"file1386"
30721,408,16,8,32108,"file1387"
30721,409,16,8,32110,"file1389"
30721,410,16,8,32148,"file1427"
30721,411,16,8,32164,"file1443"
30721,412,16,8,32205,"file1484"
30721,413,16,8,32206,"file1485"
30721,414,240,8,32207,"file1486"
30721,416,64,7,31319,"file598"
30721,417,48,7,31308,"file587"
30721,418,48,7,31293,"file572"
30721,419,16,7,31339,"file618"
30721,420,16,7,31357,"file636"
30721,421,16,7,31380,"file659"
30721,422,16,7,31407,"file686"
30721,423,16,7,31463,"file742"
30721,424,16,7,31480,"file759"
30721,425,16,7,31538,"file817"
30721,426,16,7,31552,"file831"
30721,427,16,7,31606,"file885"
30721,428,16,7,31631,"file910"
30721,429,16,7,31644,"file923"
30721,430,16,7,31648,"file927"
30721,431,16,8,31751,"file1030"
30721,432,16,8,31778,"file1057"
30721,433,16,8,31783,"file1062"
30721,434,16,8,31843,"file1122"
30721,435,16,8,31844,"file1123"
30721,436,16,8,31874,"file1153"
30721,437,16,8,31926,"file1205"
30721,438,16,8,31980,"file1259"
30721,439,16,8,31985,"file1264"
30721,440,16,8,31997,"file1276"
30721,441,16,8,32009,"file1288"
30721,442,16,8,32044,"file1323"
30721,443,16,8,32115,"file1394"
30721,444,16,8,32166,"file1445"
30721,445,16,8,32186,"file1465"
30721,446,336,8,32210,"file1489"
30721,448,32,7,31352,"file631"
30721,449,32,7,31313,"file592"
30721,450,48,7,31303,"file582"
30721,451,32,7,31264,"file543"
30721,452,16,7,31288,"file567"
30721,453,48,7,31268,"file547"
30721,454,16,7,31426,"file705"
30721,455,16,7,31583,"file862"
30721,456,16,7,31640,"file919"
30721,457,16,8,31726,"file1005"
30721,458,16,8,31731,"file1010"
30721,459,16,8,31741,"file1020"
30721,460,16,8,31754,"file1033"
30721,461,16,8,31769,"file1048"
30721,462,16,8,31804,"file1083"
30721,463,16,8,31819,"file1098"
30721,464,16,8,31864,"file1143"
30721,465,16,8,31882,"file1161"
30721,466,16,8,31885,"file1164"
30721,467,16,8,31902,"file1181"
30721,468,16,8,31979,"file1258"
30721,469,16,8,32008,"file1287"
30721,470,16,8,32016,"file1295"
30721,471,16,8,32025,"file1304"
30721,472,464,8,32184,"file1463"
30721,474,48,7,31281,"file560"
30721,475,32,7,31316,"file595"
30721,476,64,7,31325,"file604"
30721,477,16,7,31457,"file736"
30721,478,16,7,31471,"file750"
30721,479,16,7,31479,"file758"
30721,480,16,7,31481,"file760"
30721,481,16,7,31486,"file765"
30721,482,16,7,31501,"file780"
30721,483,16,7,31600,"file879"
30721,484,16,7,31662,"file941"
30721,485,16,7,31709,"file988"
30721,486,16,8,31744,"file1023"
30721,487,16,8,31798,"file1077"
30721,488,16,8,31828,"file1107"
30721,489,16,8,31840,"file1119"
30721,490,16,8,31849,"file1128"
30721,491,16,8,31850,"file1129"
30721,492,16,8,31873,"file1152"
30721,493,16,8,31884,"file1163"
30721,494,16,8,31968,"file1247"
30721,495,16,8,31999,"file1278"
30721,496,16,8,32019,"file1298"
30721,497,16,8,32029,"file1308"
30721,498,16,8,32056,"file1335"
30721,499,16,8,32156,"file1435"
30721,500,416,8,32196,"file1475"
30721,501,64,7,31382,"file661"
30721,502,48,7,31335,"file614"
30721,503,16,7,31413,"file692"
30721,504,16,7,31271,"file550"
30721,505,80,7,31312,"file591"
30721,506,16,7,31246,"file525"
30721,507,16,7,31495,"file774"
30721,508,16,7,31516,"file795"
30721,509,16,7,31519,"file798"
30721,510,16,7,31539,"file818"
30721,511,16,7,31596,"file875"
30721,512,16,7,31617,"file896"
30721,513,16,7,31667,"file946"
30721,514,16,7,31676,"file955"
30721,515,16,7,31686,"file965"
30721,516,16,7,31689,"file968"
30721,517,16,7,31700,"file979"
30721,518,16,8,31780,"file1059"
30721,519,16,8,31799,"file1078"
30721,520,16,8,31816,"file1095"
30721,521,16,8,31854,"file1133"
30721,522,16,8,31888,"file1167"
30721,523,16,8,31917,"file1196"
30721,524,16,8,32067,"file1346"
30721,525,16,8,32078,"file1357"
30721,526,16,8,32082,"file1361"
30721,527,16,8,32099,"file1378"
30721,528,16,8,32109,"file1388"
30721,529,16,8,32128,"file1407"
30721,530,16,8,32130,"file1409"
30721,531,16,8,32167,"file1446"
30721,532,384,8,32169,"file1448"
30721,533,16,7,31306,"file585"
30721,534,80,7,31294,"file573"
30721,535,96,7,31263,"file542"
30721,536,48,7,31240,"file519"
30721,537,32,7,31358,"file637"
30721,538,16,7,31421,"file700"
30721,539,16,7,31383,"file662"
30721,540,160,7,31245,"file524"
30721,541,48,7,31250,"file529"
30721,542,16,7,31490,"file769"
30721,543,16,7,31544,"file823"
30721,544,16,7,31560,"file839"
30721,545,16,7,31688,"file967"
30721,546,16,7,31701,"file980"
30721,547,16,7,31710,"file989"
30721,548,16,7,31719,"file998"
30721,549,16,8,31729,"file1008"
30721,550,16,8,31738,"file1017"
30721,551,16,8,31758,"file1037"
30721,552,16,8,31771,"file1050"
30721,553,16,8,31774,"file1053"
30721,554,16,8,31775,"file1054"
30721,555,16,8,31860,"file1139"
30721,556,16,8,31861,"file1140"
30721,557,16,8,31948,"file1227"
30721,558,16,8,31959,"file1238"
30721,559,16,8,31970,"file1249"
30721,560,16,8,32012,"file1291"
30721,561,16,8,32041,"file1320"
30721,562,16,8,32049,"file1328"
30721,563,16,8,32057,"file1336"
30721,564,16,8,32072,"file1351"
30721,565,16,8,32081,"file1360"
30721,566,16,8,32085,"file1364"
30721,567,16,8,32101,"file1380"
30721,568,16,8,32102,"file1381"
30721,569,16,8,32150,"file1429"
30721,570,16,8,32171,"file1450"
30721,571,16,8,32179,"file1458"
30721,572,16,8,32182,"file1461"
30721,573,16,8,32215,"file1494"
30721,574,16,7,31511,"file790"
30721,575,32,7,31440,"file719"
30721,576,16,7,31428,"file707"
30721,577,16,7,31350,"file629"
30721,578,112,7,31522,"file801"
30721,579,16,7,31409,"file688"
30721,580,16,7,31452,"file731"
30721,581,16,7,31247,"file526"
30721,582,16,7,31364,"file643"
30721,583,16,7,31527,"file806"
30721,584,16,7,31572,"file851"
30721,585,16,7,31605,"file884"
30721,586,16,7,31687,"file966"
30721,587,16,7,31690,"file969"
30721,588,16,7,31702,"file981"
30721,589,16,8,31747,"file1026"
30721,590,16,8,31757,"file1036"
30721,591,16,8,31811,"file1090"
30721,592,16,8,31851,"file1130"
30721,593,16,8,31897,"file1176"
30721,594,16,8,31955,"file1234"
30721,595,16,8,31969,"file1248"
30721,596,16,8,31992,"file1271"
30721,597,16,8,32006,"file1285"
30721,598,16,8,32092,"file1371"
30721,599,16,8,32147,"file1426"
30721,600,16,8,32165,"file1444"
30721,601,480,8,32198,"file1477"
30721,603,32,7,31367,"file646"
30721,604,32,7,31505,"file784"
30721,605,16,7,31406,"file685"
30721,606,96,7,31410,"file689"
30721,607,16,7,31417,"file696"
30721,608,48,7,31305,"file584"
30721,609,16,7,31565,"file844"
30721,610,16,7,31609,"file888"
30721,611,16,7,31633,"file912"
30721,612,16,7,31637,"file916"
30721,613,16,7,31645,"file924"
30721,614,16,7,31669,"file948"
30721,615,16,7,31685,"file964"
30721,616,16,7,31698,"file977"
30721,617,16,8,31753,"file1032"
30721,618,16,8,31801,"file1080"
30721,619,16,8,31964,"file1243"
30721,620,16,8,31987,"file1266"
30721,621,16,8,32086,"file1365"
30721,622,16,8,32126,"file1405"
30721,623,16,8,32172,"file1451"
30721,624,496,8,32217,"file1496"
30721,625,16,7,31513,"file792"
30721,626,32,7,31363,"file642"
30721,627,16,7,31248,"file527"
30721,628,32,7,31524,"file803"
30721,629,64,7,31459,"file738"
30721,630,16,7,31391,"file670"
30721,631,32,7,31346,"file625"
30721,632,16,7,31347,"file626"
30721,633,16,7,31636,"file915"
30721,634,32,7,31612,"file891"
30721,635,32,7,31327,"file606"
30721,636,32,7,31594,"file873"
30721,637,16,7,31321,"file600"
30721,638,16,7,31651,"file930"
30721,639,16,7,31405,"file684"
30721,640,32,7,31460,"file739"
30721,641,16,7,31236,"file515"
30721,642,64,7,31558,"file837"
30721,643,16,7,31283,"file562"
30721,644,16,7,31692,"file971"
30721,645,16,7,31699,"file978"
30721,646,16,7,31716,"file995"
30721,647,16,8,31750,"file1029"
30721,648,16,8,31781,"file1060"
30721,649,16,8,31822,"file1101"
30721,650,16,8,31838,"file1117"
30721,651,16,8,31853,"file1132"
30721,652,16,8,31893,"file1172"
30721,653,16,8,31914,"file1193"
30721,654,16,8,31927,"file1206"
30721,655,16,8,31928,"file1207"
30721,656,16,8,32002,"file1281"
30721,657,16,8,32033,"file1312"
30721,658,16,8,32038,"file1317"
30721,659,16,8,32040,"file1319"
30721,660,16,8,32051,"file1330"
30721,661,16,8,32059,"file1338"
30721,662,16,8,32076,"file1355"
30721,663,208,8,32136,"file1415"
30721,665,48,7,31420,"file699"
30721,666,112,7,31418,"file697"
30721,667,16,7,31269,"file548"
30721,668,16,7,31446,"file725"
30721,669,32,7,31578,"file857"
30721,670,112,7,31461,"file740"
30721,671,16,7,31334,"file613"
30721,672,16,7,31328,"file607"
30721,673,16,7,31455,"file734"
30721,674,32,7,31272,"file551"
30721,675,80,7,31226,"file505"
30721,676,16,8,31773,"file1052"
30721,677,16,8,31832,"file1111"
30721,678,16,8,31856,"file1135"
30721,679,16,8,31901,"file1180"
30721,680,16,8,31939,"file1218"
30721,681,16,8,31945,"file1224"
30721,682,16,8,31977,"file1256"
30721,683,16,8,31995,"file1274"
30721,684,16,8,32135,"file1414"
30721,685,16,8,32141,"file1420"
30721,686,16,8,32146,"file1425"
30721,687,16,8,32187,"file1466"
30721,688,320,8,32197,"file1476"
30721,690,16,8,31745,"file1024"
30721,691,32,8,31826,"file1105"
30721,692,32,7,31242,"file521"
30721,693,16,7,31393,"file672"
30721,694,16,7,31557,"file836"
30721,695,48,7,31591,"file870"
30721,696,16,7,31582,"file861"
30721,697,16,7,31441,"file720"
30721,698,16,7,31472,"file751"
30721,699,32,7,31563,"file842"
30721,700,16,7,31318,"file597"
30721,701,16,7,31643,"file922"
30721,702,16,7,31419,"file698"
30721,703,32,7,31449,"file728"
30721,704,16,7,31368,"file647"
30721,705,16,7,31482,"file761"
30721,706,16,7,31666,"file945"
30721,707,16,7,31696,"file975"
30721,708,16,7,31566,"file845"
30721,709,32,7,31362,"file641"
30721,710,16,7,31336,"file615"
30721,711,16,7,31311,"file590"
30721,712,16,8,31841,"file1120"
30721,713,16,8,31865,"file1144"
30721,714,16,8,31881,"file1160"
30721,715,16,8,31935,"file1214"
30721,716,16,8,32065,"file1344"
30721,717,16,8,32088,"file1367"
30721,718,16,8,32113,"file1392"
30721,719,400,8,32173,"file1452"
30721,720,16,8,31736,"file1015"
30721,721,32,7,31650,"file929"
30721,722,64,7,31499,"file778"
30721,723,16,7,31254,"file533"
30721,724,16,7,31451,"file730"
30721,725,16,7,31388,"file667"
30721,726,16,7,31608,"file887"
30721,727,96,8,31824,"file1103"
30721,728,16,8,31823,"file1102"
30721,729,16,7,31241,"file520"
30721,730,32,7,31680,"file959"
30721,731,16,8,31740,"file1019"
30721,732,16,8,31732,"file1011"
30721,733,16,7,31595,"file874"
30721,734,32,7,31532,"file811"
30721,735,16,7,31360,"file639"
30721,736,16,8,31734,"file1013"
30721,737,16,7,31340,"file619"
30721,738,16,7,31249,"file528"
30721,739,32,7,31223,"file502"
30721,740,16,8,31871,"file1150"
30721,741,16,8,32001,"file1280"
30721,742,16,8,32066,"file1345"
30721,743,16,8,32075,"file1354"
30721,744,16,8,32083,"file1362"
30721,745,16,8,32175,"file1454"
30721,746,16,8,32181,"file1460"
30721,747,16,8,32201,"file1480"
30721,748,384,8,32208,"file1487"
30721,750,96,7,31611,"file890"
30721,751,32,7,31230,"file509"
30721,752,16,7,31291,"file570"
30721,753,16,7,31317,"file596"
30721,754,64,8,31809,"file1088"
30721,755,16,7,31355,"file634"
30721,756,32,7,31244,"file523"
30721,757,80,7,31430,"file709"
30721,758,16,7,31239,"file518"
30721,759,16,8,31723,"file1002"
30721,760,16,7,31677,"file956"
30721,761,16,8,31918,"file1197"
30721,762,16,8,31949,"file1228"
30721,763,16,8,31953,"file1232"
30721,764,16,8,31996,"file1275"
30721,765,16,8,32024,"file1303"
30721,766,16,8,32050,"file1329"
30721,767,416,8,32084,"file1363"
30721,769,16,7,31341,"file620"
30721,770,32,8,31796,"file1075"
30721,771,16,7,31496,"file775"
30721,772,32,8,31812,"file1091"
30721,773,32,7,31379,"file658"
30721,774,16,8,31842,"file1121"
30721,775,32,7,31400,"file679"
30721,776,32,7,31613,"file892"
30721,777,16,7,31649,"file928"
30721,778,32,8,31825,"file1104"
30721,779,16,7,31337,"file616"
30721,780,48,7,31432,"file711"
30721,781,32,7,31660,"file939"
30721,782,96,8,31862,"file1141"
30721,783,16,7,31467,"file746"
30721,784,16,8,31735,"file1014"
30721,785,16,8,31892,"file1171"
30721,786,16,8,31923,"file1202"
30721,787,16,8,31937,"file1216"
30721,788,16,8,31947,"file1226"
30721,789,16,8,31962,"file1241"
30721,790,16,8,32000,"file1279"
30721,791,16,8,32018,"file1297"
30721,792,16,8,32096,"file1375"
30721,793,16,8,32111,"file1390"
30721,794,16,8,32153,"file1432"
30721,795,352,8,32176,"file1455"
30721,797,16,8,31894,"file1173"
30721,798,16,7,31589,"file868"
30721,799,16,8,31896,"file1175"
30721,800,16,8,31761,"file1040"
30721,801,16,7,31540,"file819"
30721,802,32,7,31478,"file757"
30721,803,16,7,31224,"file503"
30721,804,48,7,31673,"file952"
30721,805,16,7,31498,"file777"
30721,806,64,7,31668,"file947"
30721,807,16,8,31846,"file1125"
30721,808,16,7,31338,"file617"
30721,809,16,7,31691,"file970"
30721,810,16,7,31585,"file864"
30721,811,48,7,31515,"file794"
30721,812,32,8,31727,"file1006"
30721,813,32,7,31298,"file577"
30721,814,32,7,31720,"file999"
30721,815,16,8,31903,"file1182"
30721,816,16,8,31910,"file1189"
30721,817,16,8,31920,"file1199"
30721,818,16,8,31930,"file1209"
30721,819,16,8,31963,"file1242"
30721,820,16,8,32020,"file1299"
30721,821,16,8,32060,"file1339"
30721,822,16,8,32077,"file1356"
30721,823,16,8,32093,"file1372"
30721,824,16,8,32123,"file1402"
30721,825,16,8,32134,"file1413"
30721,826,16,8,32154,"file1433"
30721,827,16,8,32191,"file1470"
30721,828,304,8,32220,"file1499"
30721,829,32,7,31315,"file594"
30721,830,16,7,31506,"file785"
30721,831,32,7,31448,"file727"
30721,832,16,7,31630,"file909"
30721,833,16,7,31502,"file781"
30721,834,32,7,31626,"file905"
30721,835,16,7,31255,"file534"
30721,836,48,7,31401,"file680"
30721,837,32,7,31372,"file651"
30721,838,16,7,31509,"file788"
30721,839,32,7,31592,"file871"
30721,840,16,7,31525,"file804"
30721,841,48,7,31301,"file580"
30721,842,16,7,31619,"file898"
30721,843,16,8,31772,"file1051"
30721,844,16,7,31454,"file733"
30721,845,16,7,31412,"file691"
30721,846,16,7,31712,"file991"
30721,847,16,8,31752,"file1031"
30721,848,16,8,31814,"file1093"
30721,849,16,8,31786,"file1065"
30721,850,32,8,31858,"file1137"
30721,851,16,8,31921,"file1200"
30721,852,16,8,31975,"file1254"
30721,853,16,8,32023,"file1302"
30721,854,16,8,32053,"file1332"
30721,855,16,8,32122,"file1401"
30721,856,16,8,32142,"file1421"
30721,857,16,8,32161,"file1440"
30721,858,16,8,32163,"file1442"
30721,859,384,8,32212,"file1491"
30721,860,32,7,31377,"file656"
30721,861,16,7,31404,"file683"
30721,862,16,7,31251,"file530"
30721,863,16,7,31386,"file665"
30721,864,16,8,31895,"file1174"
30721,865,32,7,31390,"file669"
30721,866,32,7,31356,"file635"
30721,867,64,7,31235,"file514"
30721,868,16,7,31492,"file771"
30721,869,16,7,31535,"file814"
30721,870,32,7,31456,"file735"
30721,871,16,7,31476,"file755"
30721,872,16,7,31414,"file693"
30721,873,16,7,31655,"file934"
30721,874,16,7,31468,"file747"
30721,875,16,8,31845,"file1124"
30721,876,32,8,31908,"file1187"
30721,877,16,7,31671,"file950"
30721,878,16,7,31229,"file508"
30721,879,80,7,31423,"file702"
30721,880,16,8,31965,"file1244"
30721,881,16,8,32005,"file1284"
30721,882,16,8,32090,"file1369"
30721,883,16,8,32097,"file1376"
30721,884,16,8,32112,"file1391"
30721,885,16,8,32114,"file1393"
30721,886,16,8,32119,"file1398"
30721,887,16,8,32121,"file1400"
30721,888,16,8,32133,"file1412"
30721,889,16,8,32158,"file1437"
30721,890,16,8,32180,"file1459"
30721,891,336,8,32218,"file1497"
30721,892,48,7,31309,"file588"
30721,893,48,8,31777,"file1056"
30721,894,32,7,31474,"file753"
30721,895,16,7,31529,"file808"
30721,896,32,7,31707,"file986"
30721,897,64,8,31776,"file1055"
30721,898,64,8,31869,"file1148"
30721,899,32,7,31259,"file538"
30721,900,16,7,31489,"file768"
30721,901,48,7,31573,"file852"
30721,902,64,8,31767,"file1046"
30721,903,16,7,31302,"file581"
30721,904,32,8,31867,"file1146"
30721,905,16,8,32031,"file1310"
30721,906,16,8,32037,"file1316"
30721,907,16,8,32043,"file1322"
30721,908,16,8,32064,"file1343"
30721,909,16,8,32137,"file1416"
30721,910,432,8,32170,"file1449"
30721,912,16,8,31912,"file1191"
30721,913,16,7,31477,"file756"
30721,914,16,8,31728,"file1007"
30721,915,48,8,31943,"file1222"
30721,916,32,7,31361,"file640"
30721,917,16,7,31647,"file926"
30721,918,16,7,31615,"file894"
30721,919,16,8,31976,"file1255"
30721,920,16,8,31788,"file1067"
30721,921,16,7,31228,"file507"
30721,922,32,8,31762,"file1041"
30721,923,16,8,31986,"file1265"
30721,924,16,7,31227,"file506"
30721,925,32,8,31743,"file1022"
30721,926,16,7,31530,"file809"
30721,927,64,7,31715,"file994"
30721,928,32,7,31507,"file786"
30721,929,16,7,31411,"file690"
30721,930,16,8,31988,"file1267"
30721,931,16,7,31579,"file858"
30721,932,512,8,32079,"file1358"
30721,933,16,7,31222,"file501"
30721,934,48,7,31664,"file943"
30721,935,16,7,31279,"file558"
30721,936,48,8,31855,"file1134"
30721,937,48,7,31598,"file877"
30721,938,16,7,31435,"file714"
30721,939,16,8,31779,"file1058"
30721,940,80,8,31813,"file1092"
30721,941,16,8,31989,"file1268"
30721,942,16,7,31307,"file586"
30721,943,16,8,31890,"file1169"
30721,944,32,8,31922,"file1201"
30721,945,16,7,31526,"file805"
30721,946,16,7,31473,"file752"
30721,947,48,7,31500,"file779"
30721,948,16,8,31733,"file1012"
30721,949,16,8,31722,"file1001"
30721,950,16,8,31931,"file1210"
30721,951,16,8,32011,"file1290"
30721,952,16,8,32071,"file1350"
30721,953,16,8,32127,"file1406"
30721,954,16,8,32145,"file1424"
30721,955,464,8,32216,"file1495"
30721,957,16,7,31627,"file906"
30721,958,16,8,32094,"file1373"
30721,959,16,7,31366,"file645"
30721,960,16,8,31800,"file1079"
30721,961,16,8,31938,"file1217"
30721,962,16,7,31376,"file655"
30721,963,16,7,31523,"file802"
30721,964,16,7,31290,"file569"
30721,965,16,8,32098,"file1377"
30721,966,48,8,32013,"file1292"
30721,967,16,7,31553,"file832"
30721,968,16,8,31785,"file1064"
30721,969,16,8,32036,"file1315"
30721,970,16,8,31907,"file1186"
30721,971,16,8,31836,"file1115"
30721,972,80,7,31348,"file627"
30721,973,32,8,31797,"file1076"
30721,974,16,8,31974,"file1253"
30721,975,16,7,31415,"file694"
30721,976,48,7,31571,"file850"
30721,977,32,7,31371,"file650"
30721,978,512,8,32160,"file1439"
30721,979,16,7,31304,"file583"
30721,980,16,8,32048,"file1327"
30721,981,64,7,31601,"file880"
30721,982,16,8,31934,"file1213"
30721,983,16,8,31993,"file1272"
30721,984,16,7,31550,"file829"
30721,985,32,8,32116,"file1395"
30721,986,16,7,31587,"file866"
30721,987,16,8,32131,"file1410"
30721,988,16,7,31292,"file571"
30721,989,16,7,31273,"file552"
30721,990,16,8,31900,"file1179"
30721,991,32,7,31581,"file860"
30721,992,16,8,32129,"file1408"
30721,993,48,7,31518,"file797"
30721,994,16,8,32144,"file1423"
30721,995,16,7,31265,"file544"
30721,996,32,7,31659,"file938"
30721,997,16,7,31323,"file602"
30721,998,16,7,31444,"file723"
30721,999,32,8,31787,"file1066"
30721,1000,16,8,32073,"file1352"
30721,1001,16,7,31607,"file886"
30721,1002,16,8,32185,"file1464"
30721,1003,496,8,32209,"file1488"
30721,1004,16,7,31705,"file984"
30721,1005,32,8,31737,"file1016"
30721,1006,32,7,31549,"file828"
30721,1007,32,7,31570,"file849"
30721,1008,16,8,32062,"file1341"
30721,1009,16,8,32074,"file1353"
30721,1010,16,8,31848,"file1127"
30721,1011,16,8,31878,"file1157"
30721,1012,32,8,31810,"file1089"
30721,1013,32,8,31852,"file1131"
30721,1014,32,7,31437,"file716"
30721,1015,16,8,32143,"file1422"
30721,1016,16,8,32070,"file1349"
30721,1017,16,8,32118,"file1397"
30721,1018,16,8,31835,"file1114"
30721,1019,32,7,31256,"file535"
30721,1020,16,8,31966,"file1245"
30721,1021,16,8,31808,"file1087"
30721,1022,64,7,31635,"file914"
30721,1023,32,7,31266,"file545"
30721,1024,528,8,32105,"file1384"
